<?xml version="1.0" encoding="utf-8"?>
<odoo>
    <record id="ir_cron_fetch_gold_rate" model="ir.cron">
        <field name="name">Gold: Fetch Rate</field>
        <field name="model_id" ref="model_gold_rate"/>
        <field name="state">code</field>
        <field name="code">model._cron_fetch_gold_rate()</field>
        <field name="interval_number">60</field>
        <field name="interval_type">minutes</field>
        <field name="numbercall">-1</field>
        <field name="active">True</field>
    </record>
</odoo>
